{
    "0": {
        "std": 64.03690385871559,
        "mean": 117.9821232006836
    },
    "1": {
        "std": 63.070958045781516,
        "mean": 109.64133726698135
    },
    "2": {
        "std": 64.03548416525409,
        "mean": 99.209678992513
    }
}