{
    "0": {
        "std": 24.944059588844244,
        "mean": 45.931855057638536
    },
    "1": {
        "std": 9.553843723723212,
        "mean": 2.758686562611459
    },
    "2": {
        "std": 13.6676748636707,
        "mean": 7.38535903696737
    }
}